{
  "rtt_ms": {
    "mean": 71.92029522627453,
    "std": 71.52305772925949,
    "min": 0.0,
    "max": 800.0
  },
  "jitter_ms": {
    "mean": 11.23937894215558,
    "std": 11.303239001216944
  },
  "plr": {
    "mean": 0.04778191542863927,
    "std": 0.05598212654967108,
    "min": 0.0,
    "max": 0.5
  },
  "available_bitrate_kbps": {
    "mean": 5498.738536505889,
    "std": 3800.8223281029195
  },
  "fps": {
    "mean": 24.93737644190192,
    "std": 5.863846546590491,
    "min": 0.0,
    "max": 30.0
  },
  "freeze_occurred": {
    "mean": 0.19821479166666667,
    "std": 0.39865584824746153
  }
}